codigo,nome,homepage
000970,3RCorp/Camcorp,
001114,4M Locações,
000001,A Elétrica,
000523,A F Serviços Ltda,
000847,A Geradora,http://www.ageradora.com.br
000002,A. Eletricidade,
000930,A. Eletricidade (Manual),
000767,A.A. Verona & Cia. Ltda,
000329,A.G. Representações Ltda - Transformadores,
000070,A.G.Manilha Ltda,
000184,A.H.C. Representações  (Telha Onduline),
000778,A8 Metal Concept,http://www.a8.ind.br
000439,ABC Andaimes Tubolar,
000538,ABCE - Associação Brasileira de Consultores de Eng,
001061,ABS Acrílicos,
001064,AC Topografia,
000507,ACB Service Network,
000666,ACIVA,http://.
000323,ACM - ALUCOBOND - Arte Signos Industria e Comércio,
000963,Aço Aracaju Comercio de Ferragens,http://arcoaracaju.com.br
000559,AÇO MOTRIZ,http://www.acomotriz.com.br
000279,ADT-Catracas,http://www.adt.com.br
000386,AFLON - Artefatos Plásticos e Metálicos Ltda.,http://www.afloindustrial.com.br
000454,Agnaldo Servico em Fibra de Vidro,
000661,Agroconsulte Com. e Rep.Ltda ( Inrigação ),
000187,Agrosolo,
000293,"Agrototal Comercio, Representações, Inpot. Export.",http://www.agrototalholambra.com.br
001131,Agrovel - Agricultura e Veterinária LTDA,
000991,AJALUX LUMINOSOS,
000397,Alarme Center,
000493,ALCOA- GAC COM. REPREST.LTDA (TELHA  ALUMINIO),
000584,ALEIXO,http://www.comercialaleixo.com.br
000965,Alerta Materiais Eletricos Ltda,
000698,Aletron  - Nanotecnologia Eletrostática,http://www.aletron.com.br
000305,Alexandre ( Topógrafo ),
000478,ALFA Decorações ( forro PVC ),
000747,Alfa Elevadores Ltda,http://www.alfaelevadores.com.br
000372,Alfabra Elevadores,http://www.alfabra.com.br
000719,Alfamec Soluções Ambientes ( Calha parshll),
000175,Aliança ( Explosivos),
000947,Aliança Controle de Pragas - Dedetização,
000275,Alianza  Catracas,http://http://www.alianzacatracas.com.br/
000278,Alianza - Catracas - Portas Giratórias,http://www.alianzacatracas.com.br
001109,All pisos,
000996,ALLDOC,http://www.aldoc.net
000802,Alphamax Eng. e Const. Ltda,http://www.alphamax.eng.com.br
000790,Alphenz Indústria,http://www.grupoalphenz.com.br
000868,Altavista Empreendimentos Ltda( Jazida),
001122,Alto Padrão - Comércio e serviço LTDA,
000854,ALUCOBOND - ARTESIGNOS,http://.
001072,Alumbox - Alumínio e Vidros,
000987,Alumif - Esquadrias metal e Vidro Ltda,
001127,Amazonia Madeira ( Manual ),
000007,Amazonia Madeiras,
000453,AMBA - Andaimes Suspensos - Tubulares (balancin),http://www.ambaandaime.com.br
000961,Ames Iluminação,
000997,AMG MANUTENÇÃO EM GERADORES,
000009,Andrade Macedo,
000469,André Mello Representações Ltda (cabos e fios),
000223,ANP - Agência Nacional de Petróleo,http://www.anp.gov.br
001116,Apoio Steel Frame,
000217,APS Comercio e  Serviços Ltda (fornecedor brocas),
001017,Aptus Soluções Elevatórias (Plataforma Elevatoria),
000780,AR Condicionado  Comparco - Ind. Com. Componentes,
000700,Ar Condicionado - Confrio,http://.
000592,Ar Condicionado - EUGENIO - OTAM,http://.
000599,Ar Condicionado - Mecalor Soluções Eng.Térmica,http://www.mecalor.com.br
000130,Ar Condicionado - Proclima Eng. Ltda. - Mais Clima,
000598,Ar condicionado - ventilação - DUFRIL,http://.
000593,Ar Condicionado -EUGENIO - OTAM,http://.
000841,Ar Condicionado Termodin,
000430,Aracaju Box - Esquadria de  Alumínio,
000012,Aracaju Madeira,
000886,Aracaju Mármores e Granitos Ltda,
000682,Aracaju Refrigeracao,http://.
001126,Araforros Ind. e Comércio de Perfilados LTDA.,
000794,Arcelomittal Aracaju,
000878,Arcelor Mittal Distribuição - Antiga Belgo,
000643,AREA,http://www.eletricaarea.com.br
001039,Arfogas - Arnaldo fogo e gás,
001071,Armarinho mundial,
000976,Armazém dos Toldos,
000385,Armor Blindados Equipamentos de Proteção (concert),http://www.armor.com.br
000939,ARPM - Sistema HVAC- R ( Ar Condicionado Central ),
000605,Arquiletras,http://www.arquiletras.com.br
000480,Art  Lar Decoração ( forro PVC ),
000633,Arte das Letras,
000923,Arte e Gesso,
001025,Arte Marmore,
000756,Artesana Divisorias e Forros Ltda,
000853,ARTESIGNOS - ALUCOBOND,http://www.artesignos.com.br
001006,Art-Tec Sinalização e Serviços Ltda,
000663,ARTWOOD,http://WWW.ARTWOOD.COM.BR
000742,ARXO  Industria do Brasil Ltda - REC,
001100,Ary Marques Tavares - Artesão e Escultor,
001000,Asperbras Rotomoldagem,
000362,ASTEC- BOX,
000277,Astra,
001080,Atalaia Extintores,
000611,Athenas Com. Hospitalar,http://.
000393,Ativo Engenharia e Comércio Ltda.,
000749,Atlas Schindler do Brasil ( Elevadores),http://www.atlas.schindler.com
000910,Augusto Quentinha,
000864,Aurea - Portas Radiológicas,http://www.aureamedic.com.br
000803,Autentinox  ( material Inox ),
000427,Auto Portas - Portas de enrolar,
000180,AZT,
000499,Bagarel Comércio de Instrumentos Ltda,http://www.bagarel.com.br
000606,Bahia Telas,http://http://www.aramita.com.br/
000550,Bahiabond Industria e Comercio  Ltda,http://www.bahiabond.com.br
000759,BAHIACORT,
000703,Banho e Metal,
001008,Banner Aju,
000291,Barbosa  & Barbosa - Mat. Elétrico,
000660,Basic Elevadores Ltda,
000283,Baterauto,
000524,BATTISTELLA,
000302,Bayer S/A,http://www.bayer.com.br/is
000993,Belgo Cercas,
000492,Belgo Mineiro (Arcelormittal),
000852,Belmetal,
000210,Beton Engenharia,
000740,Bio Chama Queimador de Biogas,http://www.itacreto.com.br
001007,Birarts,
000692,BJ SANTOS,http://WWW.BJSANTOS.COM.BR
000287,Black Box,http://www.blackbox.com.br
000732,Blutrafos ( Transformador),http://www.blutrafos.com.br
000810,Bom Clima - Ar Condicionado,http://www.bomclima.com.br
000403,Bombas ME Distribuidora Ltda,
000541,Bomfrio Refrigeração,
000236,Bonfim Sports,http://www.bonfimsports.com.br
000786,Box Entulho & Serviços,
000450,BPS Sistema de Automação,http://www.bpsonline.com.br
000575,BRASFOR,http://https://www.digitalup-lojavirtual.com.br
000320,Brasil Lustre,
001089,Brasil mármores e granitos,
001057,Brasil Porta de enrolar automática,
000501,BRASILIT,
000204,BrasilL Minas,http://http://www.brasilminas.ind.br/
000228,Brasinox (Procozzinha),
000177,Brasquimica,http://WWW.brasquimica@.com.br
001120,Bria Tennis - Bryan Serviços,
000242,Brinquedos Park Diversões Ltda,http://www.brinquepark.com.br
000859,Brumake Materiais Elétricos,http://www.brumake.com.br
000339,Bruno Aplicação e Polimento,
000567,BTS  Tercerização de Serviços Ltda (Paisagismo),
000581,BTU & BTU,http://.
000534,BUGATTI,http://WWW.BUGATTIBRASIL.COM.BR
000831,Bunker - Locações ( Containers Desmontáveis ),http://www.bunkerlocacoes.com.br
000021,Butano,
000418,C B A Companhia Brasileira de ALuminio,
000725,Caetano Comércio  e Serviços de Engenharia Ltda,http://www.caetano.com.br
000551,Caimex Comércio Exterior Ltda,
000022,Cajaíba - Central de Britagem,
000025,Camilo Cláudio (Forro de Gesso),
000911,Camisa 10 ( BELA LUMI ),http://www.belalumi.com.br
000714,Canto Verde,
000769,Carbinox Ind. Comercio Ltda ( Tubos Galv.),http://www.globaltubos.com.br
000026,Careca Marmore e Granito,
000488,Carp (Grupo GRX) Barita,
000873,Carroceria - São João,
000028,Carvalho Design e Interiores Ltda,http://www.carvalhodesign.com.br
000735,Carvalho Metalurgica Verona (Tanque ),http://www.metalurgicaverona.com
000190,Casa Argentina ( Center Mix ),
000031,Casa da Eletricidade,
000285,Casa das Baterias,
000812,Casa das Bombas - Londrina,http://www.bombaslondrina.com.br
000266,Casa das Fardas,
000665,CASA DAS LETRAS,http://.
000104,Casa das Pedras,
001128,Casa das portas São Lucas,
000033,Casa das Telhas,
000034,Casa das Tintas Ltda,
000998,Casa do construtor,
000036,Casa do Panificador,
000315,Casa do Parafuso  Aracaju Ltda,
000888,Casa do Parafuso Vasconcelos,
001093,Casa do Plug,
000390,Casa do Restaurador,http://www.casadorestaurador.com.br
000274,Casa dos Alarmes,http://http://www.casadosalarmes.com.br/
000985,Casa dos Extintores,
000839,Casa dos motores,
001014,Casa Oliveira  (Glifarma),
000038,Casa Santa Rosa,
000502,casa santa rosa ( Manual ),
000969,Casa Viva Moveis & Decoração Ltda,
000650,Cast Iron ( Tampões),
000015,Cavan,http://www.cavan.com.br
000857,CBL - Galpão,
000208,CDV Barreiras,http://www.cdv.com.br
000441,Cedisa Central de Aço S.A,
000805,Cehop,
000452,Celi Decorações,
000902,Celi Revestique,http://www.celimalldecor.com.br
000342,Celite - Representante,
000504,CEMAR,http://http://www.cemar.com.br
000394,Central das Tintas,
000951,Central do Acrilico,
001086,Central do LED,
000820,Central Leader ( Material Eletrico) Média Tensão,http://www.mediatensao.com.br
000762,Central TEC Climatização Ltda,
000959,Century/tubos,
000269,CEPPA,
000770,Ceramica Elizabeth - A Líder Representações,http://www.alider.com.br
000380,Cerâmica Sacramento,http://www.sacramento.arq.br
000565,Cerâmica Samarsa,
000312,Cerâmica Santo Antonio (JMF Ser. Ind. e Tranp.EPP),
000561,Cerâmica São José,http://www.ceramicasaojose-se.com.br
000843,Cercas e Cia,http://www.cercaecia.com.br  www.comfil.com.br
000674,César Comércio e Representações Ltda ( Bombas),http://www.cesarnatal.com.br
000301,Chip & Cia - Informática Empresarial Ltda,http://www.chipcia.com.br
001044,Churrasqueiras Zebu LTDA,
000641,Cia da Fibra  ( Fibras para todas as finalidades),
001117,Cia da Luz Design,
001053,Cia da Pscina,
001016,Cia Filtros - Tratamento Àgua ME Ltda,http://www.ciafiltros.com.br
000319,Cilel - Com. Ind. de Premoldados,http://www.cilel.com.br
000357,CINOMATIC DO BRASIL,http://www.cinomatic.com.br
000199,Cismoe Metais Finos,http://http://www.crismoe.com.br/
000040,CITEC - Tubos de Concreto,
000726,CLANAP,http://WWW.CLANAP.COM.BR
001113,Click Engenharia,
001110,Clímax Tecnologia,
000975,Clovis ( Piso Alta-resistencia),
000743,CML - Construtora Maia Ltda (Piso Alta resist.),
001029,Coagro - R B Dantas Ltda,
000785,Codevasf ( Comp.Desenv.Vale S.Francisco ),
000509,Com1 Comércio e Serviço,
000364,Comacil -Com. Atacadista de Cimento Ltda (karibe),
000777,Comep Indústria e Comércio Ltda,
001034,Comercial Aliança,
000676,Comercial Cosimo Cataldo (Cortina Divisória),http://www.cosimocataldo.com.br
000515,Comercial Dias  (tubos e Conexões F°F°),
000237,Comercial E Representações Globo Ltda,http://www.issa.com.br
000387,Comercial Elétrica WCA Ltda,
000388,Comercial Gerdau (Representante Sr. Pedro),
000076,Comercial Gerdau Ltda,
001030,Comercial H C   ( Irrigação ),
000250,Comercial Primus - LAJE,
000245,Comovent,http://WWW.GRUPOCOMO.COM.BR
000693,COMPRAFACIL,http://WWW.COMPRAFACIL.COM.BR
000814,Concrecorte,
000414,Concredur Artefatos de Cimento Ltda,
000447,CONCREMASSA,http://http://www.concremassa.com.br
001081,Concrenor Ind. de Artefatos de Cimento,
000042,Concreta (Recuperação de Estruturas),
000417,Concretiza Equipamentos e Serviços,
000043,Concreto Redimix do Brasil S/A,
000189,Conectar,http://www.sergipe.com.br/conectar
001136,Confibras Resinas e fibras de vidro,
000904,CONFRIO,
000044,Conipost,http://http://www.ciaarte.com.br/conipost
000679,CONSTRUCIL,http://.
000045,Constru-Gesso Ltda.,
000200,Cony Industria e Comércio Ltda,http://http://www.conybanho.com.br/
000225,Copafel,http://www.copafel.com.br
000358,COPLAS,http://www.coplas.com.br -  (11) 4543-6126
000262,Coppersteel,http://www.coppersteel.com.br
000436,Cortinas e Cia,
000934,Cosmed - Saúde e Segurança do Trabalho,
000602,COSTA LION,http://www.costalion.com.br
000936,CPF - Comercial de Parafusos e Ferragens,
000540,"CR - Oxigênio, Gases e Equipamentos Ltda",
001001,CRYSTALFER,
001002,CRYSTALFER,
000655,CUMMINS - POWER GENERATION,http://.
000047,Curral Fazenda,
000313,D cabos,http://http://discabos-se.com/home.htm
000526,D R DISTRIBUIDORA DE AÇO,
000299,D`INOX Ind. com. Ltda,
000437,DAIKEN,http://www.daiken.com.br
000916,DânicaZipco -  Telhas Termoroof,
000382,Day Brasil S/A,
000196,DB - SOM,http://http://www.dbsom.com.br/1.html
000048,Deca,http://comercial@juniorribeiro.com
000475,Decoralar - Residência Decorações ( forro PVC ),
000851,Decorart-se,http://www.decorart-se.com.br
000182,Deda & Peixoto,
001097,Del Artes Comunicação Visual,
000244,DEL Representações Ltda ( Banco de Ferro C/reguas),
000363,DELTA,
000791,Delta Saneamento Ambiental,
000440,Deposito Central (Tinta Demarcação),
000049,Depósito Fonseca Com. e Repr. Ltda,
000465,DER-RS,http://www.daer.rs.gov.br
000990,Designer Glass Com. serv.Eirelli Ltda (porta Aut.),
000619,DESK - Móveis escolares e produtos plásticos Ltda,http://www.deskmoveis.com.br
000761,Desk Cadeiras,
000310,DESO - Companhia de Saneamento de Sergipe - Água,
000451,Di Casa Interiores,http://www.dicasainteriores.com.br
000782,Difusore - Exaustores - DIFUSTHERM Ind. de Metais,http://www.difusthem.com.br
000817,Dimadeira,
000981,Dimensão Iluminação Ltda ( Braço p/ Luminaria Pub),
000051,Dimep - Relógio Eletrônico,
000571,DIPAWA,http://www.dipawa.com.br
000230,Disgal Distribuidora de gases Aracaju,
000457,Distribuidor (Tonho do Cimento),
000456,Distribuidora Sergipana de Cimento R D K,
000640,DISTRITEC,http://.
000481,Div - Monta ( forro PVC ),
000311,Diversos,
000328,DIVERSOS-2,
000354,DIVIART,
000224,Divisorias Neocon System,http://www.neocon.com.br/
000862,Divisystem,http://www.divisystem.com.br
000879,DNA Gesso,
000288,DNIT - manual,http://http://www.dnit.gov.br/rodovias/sicro/ne.htm
000837,"Doctor""x"" Radiologia",http://www.doctorxradiologia.com.br
000925,Domingos - Placa de Sinalização,
000389,Domingos e Filhos,http://*
000617,DOOR - MATIC,http://.
001135,DOUGLAS MED PRODUTOS MÉDICOS,
000498,DSI Indústria Metalúrgica Ltda,http://www.tanques.com.br
000620,DUFRIO,http://WWW.DUFRIO.COM.BR
000894,DUPLICHAVES,
000966,DUPONT,
001037,Dywidag Safer. Stronger. Smarter,
000822,E T P Saneamento ( tubos e coneções de fº fº ),
000505,Eaton - Powerware,http://a
000629,Eaton Power Solution Ltda (No Break),
001031,EAUT- Comércio de Material Elétrico e Seviços Ltda,
000054,EB - Elétrica Bahiana - Produtos Phillips,http://www.eletricabahiana.com.br
000748,Eco Tecnologia Ambiental (separador  àgua e óleo),http://www.ecotenologia.com.br
000883,ECOMAD PISOS - ESPORTVOS E RESIDENCIAIS,http://www.ecomadpisos.com.br
000624,Editora PINI,
000484,EDUAÇO,http://WWW.EDUACO.COM.BR
000546,Electra ( Material Eletrico ),
000607,Eletrica Brasil Ind.Comercio de Transformadores,
000168,Elétrica Mendonça,
000669,Eletrônica Audio Líder Ltda,
000827,Eletronica Nacional,
000056,Eletrônica Satelite,
000668,Eletrônica universal Ltda,
001047,Elevação Andaimes,
000967,Eli Andaimes,
000333,"Eliane ""A Cerâmica do Brasil""",http://www.eliane.com.br
000485,ELPM - Representações Ltda (tampão),
000366,ELUMA,http://www.eluma.com.br
000815,Emporio Casa,
000381,Empresa de Transporte Atlas Ltda,
000057,Emurb,
000613,ENCAL,http://.
000280,Encal Ltda,http://www.imosa.com.br
000309,Energisa,http://*
001041,Engeblind,
000755,Engeduto ( caixa p/ piso elevado ),
000448,Engerrede,http://www.engerrede.com.br
000464,ENGESUR,
000270,EPS,
000058,Eqpal,
000059,ERG - Industrial Pré-Moldado Concreto Ltda,
000060,Eskal-Esquadrias Comércio e Prestação de Serviços,
001115,Espaço Smart,
000332,Esquadria Aloisio,
000528,Esquadria J S  Aluminio Ltda (Aluminio e ferro),
000317,Esquadria J. Alves,
000532,Esquadria SHEKINAH ( Santa Barbara ),
000318,Esquadria Xavier,
000062,Esquadrias São José,
000063,Esquina da Construção,
000609,ESTACA - AGM GEOTÉCNICA LTDA,http://.
000968,Estil LED - Energia Sustentável e Tecnolugia,http://www.estilled.com.br
001043,Eternit - Representante,
000962,Etinho Guindastes,
000595,ETS,http://www.etsengenharia.com.br
000576,Exaustor - ISOLATEC,http://http://www.isolatec.com.br/
000787,F.Pinheiro (produtos DENVER),
000568,FÁBIO - PRANCHAS METÁLICAS,
000181,Fabrica de Ladrilho Santana (José Nunes),
000727,Fabrica de Ladrilhos Santo Antonio,
000489,Fabrica de telas São Jorge,
000347,Fabrimar Metais (Janisson Cabral Repre. Ltda),
000246,FACIL - Fabrica de Artefatos de Cimento,http://www.facil.concreto.com.br
001102,Fácil Esporte,
000350,FAEL LUCE,http://www.faelluce.com
000255,Falco Trading,http://www.falcotrade.com.br
000391,Farmac Comercio Representações Ltda,
000066,Fartese - Artefatos de Cimento,
000345,Fatese - Fabrica de Telas de Sergipe,
000344,Fatto Assessoria Ltda,
000326,Fechadura Pado,
000552,FECHADURAS IMAB,http://www.imab.com.br
000067,Fernando (Representante Vedacit),
000068,Ferragens Santa Rita,
000069,Ferragens Santa Rosa,
000443,Ferral - Esquadria e Armação p/Mosquiteiros,
000869,Ferreira Costa & CIA LTDA.,
001105,Ferro Corte,
000615,Ferro Entulho,
000071,Ferseg - Ferramentas/Extintores,
000495,Fiagro Fábrica de Implementação Agrícolas Olímpia,
000072,Fiberglass Ind. Com. Ltda.,
000375,Fibralit Industria e Comércio Ltda,http://www.fibralit.com.br
000497,"Fido - Construtora, montagens Ind. Importção e Exp",http://www.fido.com.br
001112,Fiel Ferramentas e Máquinas,
000295,Figueiras e Almeida Ltda ( Fibrafix),
000741,Fire Painés Comandos e Serviços Ltda,http://www.firepaineis.com.br
000073,Flora Fértil (Gallotti Empreendimentos e Serviços,
001088,FM fundações,
000804,FM MIX,http://-
000912,FM Transporte (Locação ),
000658,FOCKINK - QUADROS ELÉTRICOS,http://WWW.FOCKINK.IND.BR
000555,Fogás,
000419,Fonini Metalurgia e Iluminação Ltda,
000773,FORDENGE - Silosponte -  Formas Deslizantes,http://www.fordenge.com.br
001095,Formalux Soluções em cobertura,
000625,FORMED'S,http://http://www.formedsonline.com.br/
000838,Fortemp Comércio e Representação,
000215,Fortequip,
001046,Fortlev - Representante,
000014,Frigeral,
000570,FUNDACEL,
000889,FUNDAÇÕES ESPECIAIS,
000832,Fundações Rossi Ltda,http://www.fundacoesrossi.com.br
000247,Fundição Ampla - Grelha Boca de Lobo,http://www.fundicaoampla.com.br
000316,Fundição Duarte,http://www.fundicaoduarte.com.br
000835,Fundição São Roque,
001137,Fusão Comunicação Visual,
000860,Fusão Sinalização e Grafica Digital,http://www.fusaose.com
001015,Fusati  ( Filtros ),
001079,Futura Climatização e Energia Solar,
000335,G Barbosa Comercial Ltda,http://*
001010,G Dias Andaimes e Escoras,
000472,G R Forro de PVC,
000566,G.M. Engenharia,
001096,Galego das Bicas,
000670,GDH - Equipamento Hospitalar,
000545,Genoválvulas,http://WWW.genovalvulas.com.br
000833,Geoforte Fundações Engenharia Ltda,
000893,Geraforte - Grupos  Geradores,http://www.geraforte.com.br
000866,Gerencial Engenharia (Ensaio Cloreto em Concreto),
000077,GESSO E,
001009,GH Engenharia do Aço Ltda,
000506,GH Supply de Tecnologia Ltda,
000462,GHESA - Euro Atlântica Brasil Ltda (Fonte Luminosa,http://www.ghesa.com.br
000788,GIRA-ESTOQUE,http://www.giraestoque.com.br
000078,Gitamar Fibras,
000948,GLOBAL - Solulções de Negócios em Tecnologia,
000829,Global distribuidora de produtos Siderurgicos ltda,http://www.globaltubos.com.br
001084,Globo design,
001087,GMV - Eurodynamic Elevadores,
000671,Grabe Bombas e Equipamentos Industriais Ltda,http://www.grabe.com.br
000081,Gramas e Gramados Paisag. e Urbanização Ltda.,
000772,Gramasinteticas,
000428,"Grupo Galvanofer ( Brises Fe. galv.fiberglass, pvc",
000861,GRX Brasil,http://www.grx.com.br
001023,GS Madeira Amaru Eireli-me  ( Ponto de Ônibus),http://www.madeiraamaru.com.br
000684,GSH,http://www.tecbarragem.com.br
000409,H E Esquadria,
000897,Habitacional Empreend. ( Elevador Cremalheira),
000562,HALTEC,http://www.halteceletrica.com.br
000634,Hamada Tectenge,
000455,Heading (Quadros elétricos),http://www.heading.com.br
000933,Heplim - Sistemas Elétricos Ltda (Manual),
000185,Heplim - Sistemas Elétricos Ltda.,
000718,Hidramaco (tubos e conexões em ferro Dùctil),
000737,Hidraulis Ltda (Separador de água e óleo),
000750,Hidro Campo Met. Ltda (Tecnologia em caixa D'agua),http://www.hidrocampo.com.br
000531,HIDRO-LOG,
000900,Hidronox Distribuidora de Produtos em inox,
000637,HIDROPRESSÃO,http://www.hidropressao.com.br
000846,Hidrosanbh - Soluções Saneamento e Medição de Água,http://www.hidrosanbh.com.br
001028,Hidrosolo Serviços Hidrogeologico e Geológicos,
000597,HIPER FERRAGENS J. ALVES,http://.
000082,Hiper Sales,http://www.hipersales.com.br
000083,Hiper Vidros,
000516,HISTEC,http://HISTEC.COM.BR
000601,HITACHI,http://.
000479,Home Center Material de Construção ( forro PVC ),
000685,HORVATH,http://www.horvath.com.br
000368,HS,
001075,IB elevadores,
000442,IBQ,http://WWW.IBQ.COM.BR
001129,Ibratin - Tintas e Texturas,
000471,Ibratin Nordeste Ltda,
000426,ICI`S Ltda (Quadras Esportivas e Placar Eletrônico,
000340,illbruck Sonex Industrial Ltda.,
000960,Ilumatic S/A Iluminação e Eletrometalúrgica,
000084,Imatel,
000220,Impercon,
000932,Império Ductil,http://www.imperioductil.com.br
000980,Imply Tecnolugia Eletronica ( Placar Eletronico),
000413,Import Control,
000678,Import Control - Eng. de Sist. de Comb. Incêndio,
000705,Induspar Iluminação - Ventilação Elétrica (Reator),
000630,Industria Brasileira de estabilizadores e No Break,http://www.iben.ind.br
000766,Industria de Aço São João Ltda,
000818,Indústria de Portas Guajara Ltda - Sr. Anizio,
000957,Indústria de Premoldados Barbosa,
000535,Industria Nova Aurora - Artefatos de cimento,
000945,Industria Nova Aurora ( Artefatos de cimento),
000195,Informador das Construções,
001090,Inove Piscinas,
000824,Inoxline ARL Industria e Serviços de Metais Ltda,
001076,INOXY,http://www.Inoxy
001056,Insight Indústria da iluminação Ltda,
000644,Interconex Comercio e Serviços,
000901,INTERNET,
000433,Internordeste Pavimentações Ltda,
000256,Interseg,
000183,IPC Industria de Premoldados de Cimento Ltda (Prem,
001018,IPHAN/SE,
000486,Irmãos Abage & Cia Ltda,
000207,Iron Wall,http://www.geocities.com/ironwall001
000579,ISAR,http://http://www.isar.com.br/
000467,ISNetwork Integrador de Soluções,http://www.isnetwork.com.br
000715,Isoeste Ind. Com. de Isolantes - Telha,
000954,Itabaiana Madeira,
001074,Itaipu Transformadores,
000639,ITAMAR,http://.
000240,Itaquá Equipamento p/ Construção e Montagem Ltda,
000574,ITM,http://http://www.itmpr.com.br
001027,ITOGRASS  AGRÍCOLA ALTA MOGIANA  LTDA,
000826,IWI - Representações - Brasilit,
000086,Jaluzi,http://www.jaluzi.com.br
000384,Jatobá ( Pastilha),http://www.filtrosecia.com.br
000809,JAZIDA DE EDGAR NA TERRA DURA,
000707,Jeene ( junta de dilatação ),
001111,JM TELHAS COMÉRCIO E REPRESENTAÇÕES,
001125,JNunes / Decor,
000087,João das Pedras - Paralelepípedo Granítico,
000460,José Juarez de Almeida Filho (piso intertravado),
000248,José Mendonça Filho (Pré-Moldado),
000789,Jovic Engenharia,
000973,JRN Serviços e Instalações,
001134,JS Locação Demolição e Serviços,
000249,K & C LAJES - LAJE,
000979,Kango Brasil - Cadeiras Esportivas,http://www.Kango.com.br
000227,King Máquinas & Irrigações Ltda.,
000239,Kock Metalúrgica S.A. ( Talha),http://www.kochmetal.com.br
000657,Konex Ind e Com Ltda,http://www.konex.com.br
000286,Krone,http://http://www.kronebrasil.com.br/
000334,KSCRUZ Repre. e Consultoria Ltda ( Escuria l),
000010,L.G. Indústria e Comércio Ltda,
000337,Lanxess / Bayer,http://www.lanxess.com.br
000089,Larbelo (4M serviços),
000825,LB Esquadrias ( Inox ),
000596,LCL,http://.
000667,LEMOS TELECOMUNICAÇÕES,http://.
001021,Lenheiro Dona Zefinha,
000355,LEOLUD,http://www.leolud.com.br
000267,Leon Heimer S.A. ( Grupo Gerador ),http://www.heimer.com.br
000953,LEOX GLOBAL TRADING  ( LUMINARIAS ),
000371,Lfabra Elevadores,http://www.alfabra.com.br
000608,Lig Representações Ltda,http://www.tel.com.br
000533,Limpa Fossa Moderna,
001019,limpa fossa por do Sol,
000656,Linde Healthcare - Brasil,http://www.linde-healthcare.com.br
000754,Linox Indústria e Comercio Ltda,
000781,LIS Isolantes Ltda,
001099,Litoral Piscinas Aracaju Ltda,
001036,LL Parafusos,
001049,Locações JSA,
000304,Locmáquinas Pereira Ltda,
000512,LOCMONT,
000870,Loctal - Locação e manutenção máquinas Equipament.,
000675,Loja Bombom,
000929,Lojão das Ferramentas,
001035,Lojão dos Parafusos e Ferragens LTDA - EPP,
000695,LOJAS CERTEL,http://www.lojascertel.com.br
000779,Lokmix,
001121,LST link comércio e serviços tecnológicos,
000920,LÚDICO BRINQUEDOS INTELIGENTES,
000361,LUMICENTER,http://www.lumicenter.com
000359,LUMINA,http://www.luminatec.com.br
000107,luminance Iluminação,
000872,Luminária - G-light,
000268,Lupe Confecções,
000282,Lustres  Projeto,http://www.lustresprojeto.com.br
000412,M E Distribuidora,
001063,M&C Engenharia,
000188,M. Sobral Irrigações,
000477,MAAC Decorações (forro PVC ),
001062,Maccaferri do Brasil,
000092,Madeireira Iguaí,
000379,Madeireira Irmãos Costa Ltda,
001067,Maderbras Bahia,
001050,Maderbras Sergipe,
000955,Madereira Barbosa,
000421,Madereira São Francisco,http://*
000956,Madereira Sta Rita,
000432,Manuel Maia comércio de Pedras Ltda,http://www.pedrasmaia.com.br
000972,Marcelo Esquadria de Alumínio e Vidro,
000999,Marceneiro,
000095,Marcon - Mármore e Comercio Ltda.,
000096,Marcos Silk-Screen,
000401,Markafer Distr. de Ferro Fundido Ltda,http://www.markafer.com.br
001069,Marmoaria Fernandes - Mármores e Granitos,
000978,Marmoaria PRIME,
000097,Marmogran,
000819,Marmoraria Casa Nostra,
001108,Marmoraria Mota,
000490,Marmoraria Sergipe,
000206,Martins Internacional,http://www.martins-internacional.com.br
001005,Martiny Estrutura & Luminosos,
000717,MASSI (Hidrossemeadura),http://www.massi.com.br
001068,Master Fogões,
000263,Matel,http://www.telephone.com.br
000365,Materiais de Construção Nossa Senhora da Guia Ltda,
000229,Maxigas gás Distribuidora Aga,
000733,Maxxilub (Cx. separadora de àgua e òleo),
000917,MBP- Metalurgica Barra do Pirarì  (Telha alumínio),
000346,MBT- Brasil Industriae Comercio Ltda,http://www.masterbuilders.com.br
001020,MC Representações Ltda (Asperbras ),
001094,MC2 Painés Eletrônicos Ltda,
000218,Mecan,http://WWW.MECAN.COM.BR
000898,Mecan- Grupo Orguel (Locação Elevador Cremalheira),
000738,Mecanotecnica Brasil Ltda,
000338,Mega Light,http://www.megalight.ind.br
000919,Mendonça Plastico,
000557,Meneses representações Ltda,
000940,Meta Excelência em Sinalização (SINALIZAÇÃO PLACA),
000099,Metabil Plásticos Ltda.,
000100,Metal  Arte,
000101,Metal  Vidro,
000102,Metal Forte,
000367,Metalgrade,http://www.metalgrade.com.br
000989,Metalika - ASSA Abloy - Sistema de Segurança,
000586,METALPLÁSTICO,http://.
001051,Metalseg - Metalurgia para segurança,
001103,Metalúgica Ouro de Minas,
000556,Metalúrgica Acej Ltda,
000500,Metalúrgica Brusantin Ltda,http://www.Brusantin.com.br
000752,Metalúrgica CC Ltda,
001055,Metalurgica Power,
000736,Metalúrgica Temari Ltda ( Tanque ),http://www.metalurgicatemari.com.br
000649,MF Rural,http://www.mfrural.com.br
000583,MF SEGURANÇA,http://.
000205,Mibasa,http://www.mibasa.com.br
000855,Mil Assentos e Acessibilidade,http://www.milassentos.com.br
000542,Mil Cores (pastilha Atlas),
000984,MILLA EQUIPAMENTOS METALÚRGICOS EIRELLI,
000273,Mineoro,http://www.mineoro.com.br/
000292,Mineoro - Detector Portal de alta sensibilidade,http://www.mineoro.com.br
000783,Mineração e Comercio Sta Maria Ltda,
000202,Mineração Guidoni,http://http://www.mineracaoguidoni.com.br
000784,Mineração São Jorge,
001013,Mirnox Indústria e Comércio,
000105,Miro' S Comércio de Tubos e Valvulas Ltda,
000106,Mistão,
000949,MIT Engenharia & Tecnologia Eireli,
000214,Mittiser Andaimes,http://WWW.MITTI.COM.BR
000564,Mittiser Andaimes Equipamentos e Serv. Ltda,
000798,Mix Entulho,
001070,"MM Projetos, consultorias e instalações",
001052,Modellaço,
000816,Modulus Interiores Planejados,
000356,Mopa Ind. e Com.  Ltda.,http://www.mopa.com.br
000537,Mosaicor (pastilhas Colortil),
000446,Móveis Freitas,
000935,Móveis Rústicos,
001060,Movicar Comércio e Serviços LTDA,
001011,Movida Aluguel de Carros,
000525,MS GERADORES,http://www.msgeradores.com.br
000928,Mtech - Segurança Eletrônica e Telecom,
000032,Mult Bombas,
000642,Mult- Inox ( Equipamentos Materiais Aço Inox),http://www.multinoxmga.com.br
000005,Mult-Esquadria de Aluminio,
000514,Mult-hidro (Comercial de Tubos e Conexões Ltda),http://www.mult-hidro.com.br
000694,MULTIARVIRTUAL,http://WWW.MULTIARVIRTUAL.COM.BR
000325,MultiDoor ( A porta pronta do Brasil),
000915,MULTIINOX PROD.SERV.AÇO INOX E VIDRO,
000687,MULTIMIX AIR,http://WWW.MULTIMIXAIR.COM.BR
001026,Multiseg Equipamento de Segurança,
000808,MULTISOLO,
000880,Multitelas Rede de Proteção e Alambrados - Aracaju,
000577,MULTIVAC,http://http://www.multivac.com.br/
000416,Mundo da Construção,http://www.mundodaconstrcao.com.br
000404,Mundo do Concreto ( Fosroc ),
000520,Mundomax,http://www.mundomax.com.br
000459,MWG - INDUSTRIA COMERCIO E PRESTAÇÃO DE SERVIÇOS,
000510,NARDINI,http://http://www.nardinieletrica.com.br
000203,Necipa Equipamentos Radiológicos,http://http://www.necipa.com.br/
000544,NENO,
000211,Neoprex,http://www.neoprex.com.br
000289,NEO-REX,http://WWW.NEOREX.COM.BR
000109,Netinho Sinteko,
000543,NGK (representante),
000348,NIVELAR,
000423,Nobre Metais Ind.Com.Serviços Ltda,http://*
000746,Nofor Projetos e Equipamentos Indust. Ltda-EPP,http://www.nofor.com.br
000734,"Nordeste Divisórias,Forros e Persianas Ltda",
000907,Norte Nordeste Const. Manutenção Elétrica,
000461,Norte Vidro (Representante fechadura A L),
001065,Nova Exaustores Ind. e Com. Ltda,http://wwwnovaexaustores.com .br
000573,NOVITAS,http://http://www.novitas.com.br
000110,Novogás,
000569,NP Representações Ltda (Materiais p/ Saneamento),
000849,NTC Brasil,
001038,Núcleo de Tecnologia da Preservação e Restauração,
000019,O Bloco,
000992,O Borrachâo,
000111,O Mundo das Construções,
000422,O Telhadão,
000112,Office,
000113,Oficina São Cristóvão,
000079,Olímpia Sports,
000257,Orcorel,
000594,OTAM,http://.
000114,Otis Elevadores Ltda,
000648,Oxichama Ind. Com. Equipamentos Hospitalares Ltda,
000672,OXIGÁS INSTALAÇÕES,http://WWW.OXIGASINSTALACAO.COM.BR
000867,P S PARAFUSOS E SEGURANÇA LTDA.,
000360,PALIS,
000194,Palmar,
000899,Palmetal Metarlúrgica S.A.,
000115,Pandha do Brasil Ltda,
000994,Panificação Pão & Queijo,
000800,Papa Entulho,
000201,Papaiz,http://http://www.papaiz.com.br/
000673,PAR ELÉETRICA,http://www.pareletrica.com.br
000937,Parafusos - Agna Araújo dos Santos,
000763,Paraná Refrigeração,
000745,Passafaro Ind. Metalurgica Ltda,
000614,Paulista Entulho,
000863,Paulo Cesar - planejados - encosto de banco de mad,
000840,Pavibras Equipamentos ( Furos e Cortes),
000405,Pavicor Asfalto Colorido,
000353,PBC Industria Química Ltda,http://www.pbcbrasil.com.br
000116,Pecom Mármores e Revestimento,http://tecnicopecon@grupomodular.com.br
000222,Ped Anhanguera,
000117,Ped Dinâmica,
000944,Pedreira ( Iran ),
000314,Pedreira Coronel João Sá,
000118,Pedreira Porto  (Belmonte),
000757,Pedreira Ronaldo ( DiDi ),
000376,Pellyauto Revestimento,
000438,Perame Com. de Telas e Arames Ltda,http://www.perametelas.com.br
000431,Perfil - Molduras e Artefatos de Cimento,
000399,Perinox,
000341,Perkrom Const. INd. e Com. Ltda,
000402,Pery,
000768,Petrofab Equipamentos Industriais,http://www.petrofab.com.br
000744,Petropuro (Separador de àgua e óleo),
000654,PHD,http://.
000807,Physicus Comércio de Artigos Esportivos Ltda,
000193,PINI,http://www.piniweb.com
000120,Pisolar,http://www.pisolar.com.br
000378,Pisolar ( manual),http://*
000590,PITA - COMPARCO,http://.
000918,Placa Serv Comunicação,
000799,Planeta Limpo,
000284,Plantão das Baterias,
000677,Plante - Marcos Cesar de Carvalho,
000121,Plataforma Telecomunicações Ltda,
000905,Play Cabos,
000445,POLEODUTO,http://WWW.POLEODUTO.COM.BR
000281,Policom - Furukawa - Cabeamento  Estruturado,http://www.policom.com.br
000122,Polimix Concreto,
000704,POLIVIDROS,
000420,POLOAR,http://www.poloar.com
000444,Poluar Ar Condicionado,
001033,Polybrasil  ( Policarbonato),http://www.polybrasil.com.br
000519,Polymetal  Estrutura Metalica,
000377,Polytubos,
000982,Ponto do Aço,
001098,Ponto do Xadrez Ltda,
001092,Ponto Verde Paisagismo,
000553,Portico Esquadria Ltda (Revestmento em aluminio),http://www.porticesquadrias.com.br
000988,Portifire Engenharia ( Pota Corta Fogo ),http://www.portifire.com.br
000265,Porto  Representações,http://http://usr.solar.com.br/~porto
000303,Portobello Shop,
000124,Poster Lider,http://www.posterlider.com.br
000173,Postes Nordeste,
000330,Posto Atalaia,
000792,Posto Hermes Fontes,
000793,Posto Petrox,
000536,Posto Presidente,
000370,Pozzani Elevadores Ltda,
000298,PPienk equipamento para cozinha,
000522,PREFAZ,
001083,Premo Quality,
000887,Premoldados J & A,
000297,Pré-Moldados Serrana Ltda,http://www.facil.concreto.com.br
000232,Premoldados Sigma Ltda,
000549,PREOL- Ind. de Pré-Moldados Mat. de Contrução Ltda,
000635,Previ Telecom (teste ponto lógicos),
000369,Primtel Telecom - Telecomunicações Sem Fronteiras,
000491,Princesa Vidros,
000914,Projecto - Eng. Projetos Montagens Ltda,
000712,Projinox Ind. Com. Ltda,http://www.projinox.com.br
000709,Prontinox Artefatos em aço inox,http://www.projinoxart.com.br
000874,Prosigns - Comunicação Visual,
000646,PROTEC Exportação,http://.
000647,Proteção Radiologica - PROMOVEX Engenharia,http://www.promovx.com.br
001073,Protector Fire - Equip. Combate Incêndio,http://whatsapp 96317-8496
000259,Protel,
000209,Protfer Comercial Ltda,
000264,Provitel,http://www.provitel.com.br/
000938,PS - Parafusos,
000307,Q - Limpo,
000875,Quadros - SOS Quadros Elétricos,
000623,Quadros Elétrica - Tecnoquadros-Tecnologia/Quadros,
000751,Quadros Elétricos - Bahia Quadros,
000821,Quadros Elétricos - Eletronpaineis,
000449,Quadros elétricos - FASORIAL,http://www.fasorial.com.br
000730,Quadros Elétricos - LEDquadros,http://www.
000834,Quadros eletricos - Metalplastico,
000127,Quadros Elétricos - Power,
000659,QUADROS ELÉTRICOS - UNIQUADROS,http://.
000179,R Pereira Extintores e Calçados Ltda,
000296,Ramalho Comercial,
000466,"Ranor Representações Ltda (Eternit), (Biancogrês)",
000308,Rapidão Limpa Fossa,
001118,RB LED Iluminações,
000517,RBC,
001066,RCA Iluminação,
000986,RCM - Engenharia de Estruturas,
000801,RD MONT Elevadores - I B Elevadores,http://www.rdmontelevadores.com.br
000922,Real Gesso,
000974,REBOTEC,http://sac@rebotecbrasil.com.br
000408,Recicabos,
001106,Recicla ecológica,http://www.cestosdelixeiras.com.br
000946,"Recycla- Dedetização, Desratização, Descupinização",
000610,REDE,http://.
000260,Rede Fácil,
000882,REFAX - Forro em Alumínio,
000252,Refran - Laje Treliçada Com  Eps,http://WWW.REFRAN.COM.BR
000003,Refriman Refrigeração Ltda,http://www.amilinear.com.br
000713,"Refrin - Dutos, Acessórios e Equipamentos (coifas)",
000680,Regi Metal,http://www.rgmetal.com
000924,Rei do Entulho,
000343,Rekotintas,
000884,RELEVO PREMOLDADOS E CONSTRUÇÕES,
000271,Remo Corporation,http://www.remocorporation.com.br
000921,Renner Herrmann S. A.,http://www.rennercoatings.com
000132,Rentalcenter Tudo Para Alugar,
001082,Replay Cabos,
000134,Representações Fonseca Ltda. - Barbará,
000487,Representações Guima (Tubo Kanaflex),
000513,"Representações Guimaraes ltda(Poste,Transf. reat.)",
000856,Representante - Tem Tudo ( Portas de Enrolar ),
000251,Representante da Gerdau (Sr. Pedro ),
000090,Representante de GERADOR,
000241,Representante Ibratim,
000135,Representante José Dias Ltda ( Piso Gail),
000470,Representante NAMBEI - João Soares (cabos e fios),
000836,Representante Philips,
000823,Repume Repuxação e Metalurgica Ltda ( Semiportico),http://www.repume.com.br
000136,Residência Decorações,
000578,RETAP,http://http://www.retap.com.br/
000349,REVEST LINE,
000235,Revista Construção Mercado,http://www.piniweb.com
000191,Revista SBC,
000964,Revolux Material Eletrico Ltda,http://www.revolux.com.br
000844,RF Comercial Industrial de Tubos Ltda,
000952,Ritz Representações ME,
000170,RL- Estacas Metálicas,
000943,RM fundações ( Estaca hélice ),
000527,RML  ( Cravação de Estacas ),
001058,RN Portas Automáticas,
000435,Robson Refrigeração,
000876,Rocha EntulhoLtda-Me,
000628,Rogertec Comercio e Importação Ltda,
000300,Rohr - Escoramentos Metálicos,http://www.rohr.com.br
000850,Romeu- Meira Andrade Const.- Piso Alta Resistencia,
000521,ROOMAR,
000896,Rotomix Brasil Ind. Com. Plasticos ( Duto Entulho),
000238,Rovel -(Talha),http://www.rovela.com.br
000811,RR Motores,http://www.rrmotores.com.br
001054,RS Construções e Adequações Eirele ME,
000560,RST INOX,http://www.rsttorneiras.com.br
000631,RTA - Rede Tecnologia Avançada Ltda ( No Break),http://www.rta.com.br
000147,RTR- Serviços de Estruturas Metálicas Ltda( simel),
000482,SAD Distribuidora Hunter Douglas ( forro PVC ),
001040,Safety glass - Vidros blindados,
000221,Saint-Gobain,
000632,Salvador Service Comunicação Visual,http://www.salvadorservice.com.br
000336,Samarsa Revestimento cerâmico,
000142,Sandolanda (fundição Holanda),
000971,SanecomFibra,
000758,Sanevix Engenharia,http://www.sanevix.com.br
001091,Santa Maria Paisagismo,
000425,Scala (Tubos de aço),
000828,SEALA ACESSIBILIDADE,
000321,Security Wall   ( Concertina),
000331,Sedrez Represet. (Cerâmica Cecrisa ),
000909,SEESE - Sind. dos Enfermeiros do Estado de Sergipe,
000664,SEINFRA - CEARÁ,http://http://www.seinfra.ce.gov.br/index.php/downloads
000903,SEINFRA/SE,
000547,Selig  ( Material Eletrico),
000983,SELVA EQUIPAMENTOS,
000653,SEMANTEC - CR OXIGÊNIO,http://WWW.SEMANTECSERVIÇOS.COM.BR
000143,Semil,
000144,Sempre Mat,
001078,SENAI - SE,
000539,SENGE - BAHIA,http://www.sengeba.org.br
000476,"SEONG - ( Divisoria, forro e portas sinfonada )",
000145,Sergipark Ltda.,
000178,Serpaf Ferragens e Ferramentas,
000234,Serrana Multipedras,
000508,Sertele - Serviços Com. e Rep.,
000133,Servimar Engenharia Ltda,http://www.servimar.com.br
000216,SH Fôrmas Andaimes e Escoramentos,http://www.shformas.com.br
000764,Shomei do Brasil Ltda ( Postes ),http://www.shomei.com.br
000689,SHOP INSET,http://WWW.SHOPINSET.COM.BR
000688,SHOPBOT,http://WWW.SHOPBOT.COM.BR
000691,SHOPPING CLIMA TEMPO,http://WWW.SHOPPINGCLIMATEMPO.COM.BR
001004,Shopping prémoldado,
000212,Sical,http://www.sical.ind.br
000618,SIEMENS,http://www.siemens.com.br
001138,Silicon - ARZ IND de luminárias e energias renov.,http://www.silicon.ind.br
000474,SINAPI,http://www.caixa.gov.br
000351,SINARODO,http:///www.sinarodo.com.br
000908,SINDHOTRE-Sind. dos trabalhadores em hotelaria,
000906,Sindicato Empresas de Asseio e Cons do Estado/Se,
000148,Sinduscon - Sindicato da Ind. Construção Civil,
000699,Sitio e Jardins,
000638,SLIC - Ind. Com. Importação e Exportação - Ltda,http://www.slic.com.br
000151,Socimel- Sociedade Importadora Mercantil Ltda.,
000554,Socitec - ( Revestimento de Aluminio),http://www.socitec-aluminio.com.br
000612,SOINOX,http://.
000881,Solano Transkav Equip. Eletricos ( Transformador),http://www.stkv.com.br
000721,Solar Brasil  Tecnologia & Energia Fotovoltaica Lt,http://www.solarbrasil.com.br
000616,Soletrol Tecnologia,
000720,Soliderenergia Iluminação (Energia Solar),http://www.soliderenergia.com.br
000776,SoloSSantini,
000153,Sonda Engenharia e Construção  Ltda,
000494,Sonotécnica Som Profisssional Ltda,
000995,Soto Filhos - Geradores e Motores Eletricos,http://www.sotofilhos.com.br
000261,Spytech,http://www.spytech.com.br
000219,Squadrus,http://WWW.SQUADRUS.COM.BR
001032,STAGE AUDIO E ACÚSTICA,
000731,Stampa Pisos e Quadras Esportivas,http://www.stampaquadras.com.br
000931,Startubo Comercial,
000739,Stela - Sociedade Téc. de Eleastrômeros Stela Ltda,
000558,STEMAC S/A Grupo Geradores,http://www.stemac.com
000473,STI - Soluções Construtivas,http://www.stisolucoes.com.br
000503,STI Soluções  (Divisoria p/Sanitario),http://www.sti Soluções.com
000696,STOP INSET,http://WWW.STOP INSET.COM.BR
000697,STOP INSET,http://WWW.STOPINSET.COM.BR
000830,Sulzer Pumps Wasterwater Brasil Ltda,http://www.sulzer.com
000563,SUMARÉ - SHERWIN-WILLIAMS,
000765,SUNLAB POWER ( Kit Solar p/ poste ),http://www.sunlab.com.br
001012,SuperCasa,
000728,Supereficiente Acessibilidade Libras e Braille,http://www.librasebraille.com.br
000723,Superlux Midia exterior,http://www.superlux.com.br
000154,Supermix,
000651,SuperRede Comercio de Maquinas Ltda,
000398,Supritudo,
000724,T & A blocos e pisos,
000706,T & A Blocos e pisos ( intertravado),
000848,"T& E Esquadria  ( Aluminio, vidros temp.,Portão,mo",
000415,Target Comercio Representações Ltda,
000458,Tatu,
000198,TCA - Somax,http://http://www.tcasomax.com.br/
000710,TCM Sport,
000410,TEC Tintas,
000585,TECHPLAST,http://.
000958,Tech-Stone - Juarez Almeida,
000895,Tecmetra Soluções em Telemetria,
000636,TÉCNICA REPRESENTAÇÃO LTDA,http://www.tecnicaar.com.br
001059,Tecno Portas,
000622,TECNODIS,http://WWW.TECNODIS.COM.BR
000155,Tecnogás,
000627,TECNOPRO,http://.
000941,Tecnosonda,
000690,TECTERMICA,http://WWW.TECTERMICA.COM.BR
001048,Teixeira Guindastes,
001124,Tek Pisos - Venda e Aplicação,
001101,Telão da Cadeg,
000483,Telas Rocha,http://www.telasrocha.com.br
000324,Telase ( Novatel ),http://*
000258,Tele  Alarme Segurança Total,
000913,TELEFONE,
000374,Teleserv - Ttelefonia Ltda,
001022,Telha de Aluminio ( GAC- Serviços Montagem Espec.),
001045,Tenda Madeiras,
000686,TERMHO HOUSE,http://WWW.THERMOHOUSE.COM.BR
000176,Terminox  Industria & Comércio Ltda,
000290,Termoblock,
000580,TERMOCENTER,
000702,Terwal Máquinas ( Bombas ),
001077,Texas Informática comércio atacadista LTDA,
000683,THOSER,http://www.thoser.com.br
000942,Thyssenkrupp - Elevadores,
000158,Tigre - Representante,
000797,Tigre-ADS (drenagem e Esgoto),http://www.tigre-ads.com
000213,Tijolaria Carbonari Materiais P/ Construção Ltda,http://www.tijolariacarbonari.com.br
000253,Top Pisos - Mix Piso  Estampado,
001132,Top Soldas - Toldos e Coberturas,
000795,TORRE Empreendimentos Rural e Const.Ltda,
000434,Total  AR - Ar Condicionado e Refrigeração Ltda,
000511,TOWER,
001003,"Transquality- Mudanças,Transportes e Serviços Ltda",
001104,Transtiquinho Transporte Ltda - Me,
000771,Traquinagem Com. de Brinquedos Ltda ( Grama Sintet,
000845,Trejor - Soluções Industriais,http://www.trejor.com.br
000468,Trifel Janelas e Portas de Alumínio,
000926,Trimidia Comunicação Visual,
001123,Trinox FMS Locações e metálicos LTDA,
000760,TROCALOR,http://WWW.TROCALOR.COM.BR
000160,Tronco Nordeste Representações Ltda,
000424,Tubasa,
000186,Tubolar Tintas distribuidora Ltda,
000977,Tudo Toldos,
000662,Única - Soluções em Telecomunicações,
000708,Uniontech  Juntas e Impermeabilização Ltda,http://www.uniontech.com.br
000716,UNI-STEIN DO BRASIL ( piso intertravado),http://http://www.unistein.com.br/
000645,Unitech Soluções em Energia Ltda,
000806,Universal Elevadores,
000327,UP Representações (Docol e La Fonte),
000243,Usebloco  Pré-Moldados,
000796,USMATIC-  ( Iluminação Solar ),
000711,V T Refeições,
000406,Valemam,http://vendas@valemam.com.br
000496,Valleo Comercial Ltda,
001107,Valpisos pisos esportivos,
000587,VBM Esquadria tudo em Ferro e Alumínio,
000192,VCOM - Representações Ltda,
000722,VDM Equipamento e Montagens Elétricas (Quadros),http://www.vdmeletricidade.com.br
000162,"Ventec - Vendas técnicas, Comércio e Rep. Ltda.",
000572,Ventiladores - VENTIDIS,http://http://www.ventidis.com.br/pageserver.asp
000591,Ventiladores Industriais - OTAM,http://.
000652,Verbamfix -A Nova Solução Construtiva,
001133,Vergo Fiber,
000626,VERIN,http://www.verin.com.br
000548,VGA - Reppresentação Ltda (Ar Condicionario),
000701,Via Medica Hospitalar,
001085,Via Millano iluminação e revestimentos LTDA,
000582,Via Trade,http://http://www.escorasmetalicas.com.br
000842,Vianox Produtos Metalúrgicos Ltda,http://www.vianox.ind.br
000163,Viapol,
000197,Vibrasom,http://http://www.vibrasom.ind.br/
000813,Vida Verde,http://www.vidaverde.agr.br
001042,Vidraçaria Bell Art's,
000164,Vidraçaria Brasil,
000383,Vidraçaria e esquadria de alumínio Santa Maria,http://*
000890,Vidracaria Imperial  (Vidro Blindado),
000411,Vidraçaria Munize,
000165,Vidraçaria Satélite,
000753,Vidrart - Vidraçaria,
000892,Vidro Blindado - Hi5 Blindagem,
000891,Vidro Blindado - MDV GLASS Vidr Intelig. Ind.e Com,http://www.mdvglass.com.br
000877,Vidro X,
001130,Vila Bárbara - Esquadrias Acústicas em madeira,
000681,Vinnus Cromagem e Zincamento Ltda,
000373,Vipdoor Solution - Porta Automática Social,
000927,Vitor Ferragens e Acessórios,
000865,Vivento Revestimentos,http://www.grupovivento.com.br
000395,Votorantim,http://www.votomassa.com.br
000272,W - MEET,http://www.w-meet.com.br/
000167,White Martins,http://Fone : 0800 70 99000
001119,Wi-fire Sistemas de alarme de incêndio,
000306,Xavier,
000530,YANMAR - AGRAUPE,http://www.agraupe.com
000254,Zetta Metalúrgica Ltda,
000621,Zeus do Brasil ( Central de Alarme ),http://www.zeusdobrasil.com.br
000858,Ziober Brasil,http://www.zioberbrasil.com.br
